asset_id_or_name,vuln_count,avg_cvss,max_cvss
dc01,2,8.600000000000001,9.8
web01,3,8.166666666666666,9.4
ws01,2,7.15,9.1
app01,2,7.25,8.9
vpn01,1,8.1,8.1
sql01,1,7.8,7.8
mail01,1,7.2,7.2
jump01,1,6.2,6.2
fs01,1,4.3,4.3
vdi01,1,3.7,3.7
